{"cameraMode":{"drawMode":0,"name":"Shaded","section":"Shading Mode"},"sceneLighting":false,"audioPlay":false,"sceneViewState":{"m_AlwaysRefresh":false,"showFog":true,"showSkybox":false,"showFlares":true,"showImageEffects":true,"showParticleSystems":true,"showVisualEffectGraphs":true,"m_FxEnabled":true},"in2DMode":false,"pivot":{"x":0.05550956726074219,"y":0.14912867546081544,"z":-0.22261202335357667},"rotation":{"x":0.395073264837265,"y":-0.03718948736786842,"z":0.016009753569960595,"w":0.917759358882904},"size":2.796858787536621,"orthographic":false}