{"cameraMode":{"drawMode":0,"name":"Shaded","section":"Shading Mode"},"sceneLighting":false,"audioPlay":false,"sceneViewState":{"m_AlwaysRefresh":false,"showFog":true,"showSkybox":false,"showFlares":true,"showImageEffects":true,"showParticleSystems":true,"showVisualEffectGraphs":true,"m_FxEnabled":true},"in2DMode":false,"pivot":{"x":0.1427323818206787,"y":-0.0038226842880249025,"z":-0.08438527584075928},"rotation":{"x":0.0736256018280983,"y":0.8928182721138,"z":-0.15831804275512696,"w":0.4152024984359741},"size":2.476127862930298,"orthographic":false}