{"cameraMode":{"drawMode":0,"name":"Shaded","section":"Shading Mode"},"sceneLighting":false,"audioPlay":false,"sceneViewState":{"m_AlwaysRefresh":false,"showFog":true,"showSkybox":false,"showFlares":true,"showImageEffects":true,"showParticleSystems":true,"showVisualEffectGraphs":true,"m_FxEnabled":true},"in2DMode":false,"pivot":{"x":-2.9961397647857668,"y":2.90348482131958,"z":10.412703514099121},"rotation":{"x":0.10778425633907318,"y":-0.010438625700771809,"z":0.0011317951139062644,"w":0.994118869304657},"size":12.866643905639649,"orthographic":false}