{"cameraMode":{"drawMode":0,"name":"Shaded","section":"Shading Mode"},"sceneLighting":false,"audioPlay":false,"sceneViewState":{"m_AlwaysRefresh":false,"showFog":true,"showSkybox":false,"showFlares":true,"showImageEffects":true,"showParticleSystems":true,"showVisualEffectGraphs":true,"m_FxEnabled":true},"in2DMode":false,"pivot":{"x":1.2573494911193848,"y":1.6164077520370484,"z":-7.004632949829102},"rotation":{"x":0.0817951112985611,"y":0.016443906351923944,"z":-0.001349958241917193,"w":0.9965123534202576},"size":3.024744749069214,"orthographic":false}