{"cameraMode":{"drawMode":0,"name":"Shaded","section":"Shading Mode"},"sceneLighting":false,"audioPlay":false,"sceneViewState":{"m_AlwaysRefresh":false,"showFog":true,"showSkybox":false,"showFlares":true,"showImageEffects":true,"showParticleSystems":true,"showVisualEffectGraphs":true,"m_FxEnabled":true},"in2DMode":false,"pivot":{"x":-4.352084159851074,"y":-0.6786487698554993,"z":1.7102282047271729},"rotation":{"x":0.49932512640953066,"y":-0.014294548891484738,"z":0.008239611983299256,"w":0.8662576079368591},"size":5.424745559692383,"orthographic":false}