{"cameraMode":{"drawMode":0,"name":"Shaded","section":"Shading Mode"},"sceneLighting":false,"audioPlay":false,"sceneViewState":{"m_AlwaysRefresh":false,"showFog":true,"showSkybox":false,"showFlares":true,"showImageEffects":true,"showParticleSystems":true,"showVisualEffectGraphs":true,"m_FxEnabled":true},"in2DMode":false,"pivot":{"x":4.570000171661377,"y":0.8299999237060547,"z":1.8499999046325684},"rotation":{"x":0.00965494941920042,"y":-0.8317629098892212,"z":0.014472163282334805,"w":0.5548616647720337},"size":1.2247447967529297,"orthographic":false}