{"cameraMode":{"drawMode":0,"name":"Shaded","section":"Shading Mode"},"sceneLighting":false,"audioPlay":false,"sceneViewState":{"m_AlwaysRefresh":false,"showFog":true,"showSkybox":false,"showFlares":true,"showImageEffects":true,"showParticleSystems":true,"showVisualEffectGraphs":true,"m_FxEnabled":true},"in2DMode":false,"pivot":{"x":-0.06715251505374909,"y":-0.273721843957901,"z":-0.06965844333171845},"rotation":{"x":0.4641779661178589,"y":0.11106321960687638,"z":-0.058797743171453479,"w":0.8767829537391663},"size":0.4291395843029022,"orthographic":false}