{"cameraMode":{"drawMode":0,"name":"Shaded","section":"Shading Mode"},"sceneLighting":false,"audioPlay":false,"sceneViewState":{"m_AlwaysRefresh":false,"showFog":true,"showSkybox":false,"showFlares":true,"showImageEffects":true,"showParticleSystems":true,"showVisualEffectGraphs":true,"m_FxEnabled":true},"in2DMode":false,"pivot":{"x":-1.0753121376037598,"y":-0.46556973457336428,"z":-0.3216788172721863},"rotation":{"x":-0.02360878698527813,"y":0.9373086094856262,"z":-0.34161338210105898,"w":-0.06477712839841843},"size":1.829756259918213,"orthographic":false}