{"cameraMode":{"drawMode":0,"name":"Shaded","section":"Shading Mode"},"sceneLighting":false,"audioPlay":false,"sceneViewState":{"m_AlwaysRefresh":false,"showFog":true,"showSkybox":true,"showFlares":true,"showImageEffects":true,"showParticleSystems":true,"showVisualEffectGraphs":true,"m_FxEnabled":true},"in2DMode":false,"pivot":{"x":0.0006384849548339844,"y":1.0627679824829102,"z":0.035044729709625247},"rotation":{"x":0.03229987993836403,"y":0.9599247574806213,"z":-0.12452142685651779,"w":0.24899449944496156},"size":1.5829674005508423,"orthographic":false}