{"cameraMode":{"drawMode":0,"name":"Shaded","section":"Shading Mode"},"sceneLighting":false,"audioPlay":false,"sceneViewState":{"m_AlwaysRefresh":false,"showFog":true,"showSkybox":true,"showFlares":true,"showImageEffects":true,"showParticleSystems":true,"showVisualEffectGraphs":true,"m_FxEnabled":true},"in2DMode":false,"pivot":{"x":137.4796600341797,"y":345.5792236328125,"z":20.43441390991211},"rotation":{"x":0.04197701811790466,"y":-0.022478250786662103,"z":0.0009446519543416798,"w":0.9988649487495422},"size":287.9135437011719,"orthographic":false}