{"cameraMode":{"drawMode":0,"name":"Shaded","section":"Shading Mode"},"sceneLighting":false,"audioPlay":false,"sceneViewState":{"m_AlwaysRefresh":false,"showFog":true,"showSkybox":true,"showFlares":true,"showImageEffects":true,"showParticleSystems":true,"showVisualEffectGraphs":true,"m_FxEnabled":true},"in2DMode":false,"pivot":{"x":-1.0080463886260987,"y":5.959064483642578,"z":-9.539517402648926},"rotation":{"x":0.12763895094394685,"y":-0.3434280455112457,"z":0.047171276062726977,"w":0.9292685985565186},"size":11.454026222229004,"orthographic":false}