{"cameraMode":{"drawMode":0,"name":"Shaded","section":"Shading Mode"},"sceneLighting":false,"audioPlay":false,"sceneViewState":{"m_AlwaysRefresh":false,"showFog":true,"showSkybox":true,"showFlares":true,"showImageEffects":true,"showParticleSystems":true,"showVisualEffectGraphs":true,"m_FxEnabled":true},"in2DMode":false,"pivot":{"x":169.44393920898438,"y":120.59877014160156,"z":-67.22631072998047},"rotation":{"x":0.35730215907096865,"y":-0.053196001797914508,"z":0.020388271659612657,"w":0.9322509169578552},"size":320.2069091796875,"orthographic":false}