{"cameraMode":{"drawMode":0,"name":"Shaded","section":"Shading Mode"},"sceneLighting":false,"audioPlay":false,"sceneViewState":{"m_AlwaysRefresh":false,"showFog":true,"showSkybox":true,"showFlares":true,"showImageEffects":true,"showParticleSystems":true,"showVisualEffectGraphs":true,"m_FxEnabled":true},"in2DMode":false,"pivot":{"x":0.2621171176433563,"y":0.0986492857336998,"z":-8.649744987487793},"rotation":{"x":-0.015515358187258244,"y":0.10479460656642914,"z":0.0016355955740436912,"w":0.994372546672821},"size":0.8660253882408142,"orthographic":false}