{"cameraMode":{"drawMode":0,"name":"Shaded","section":"Shading Mode"},"sceneLighting":false,"audioPlay":false,"sceneViewState":{"m_AlwaysRefresh":false,"showFog":true,"showSkybox":true,"showFlares":true,"showImageEffects":true,"showParticleSystems":true,"showVisualEffectGraphs":true,"m_FxEnabled":true},"in2DMode":false,"pivot":{"x":1.6404352188110352,"y":-0.2879648208618164,"z":-1.4204635620117188},"rotation":{"x":0.48944270610809328,"y":0.01177231315523386,"z":-0.006607452407479286,"w":0.8719349503517151},"size":6.929755687713623,"orthographic":false}