{"cameraMode":{"drawMode":0,"name":"Shaded","section":"Shading Mode"},"sceneLighting":false,"audioPlay":false,"sceneViewState":{"m_AlwaysRefresh":false,"showFog":true,"showSkybox":true,"showFlares":true,"showImageEffects":true,"showParticleSystems":true,"showVisualEffectGraphs":true,"m_FxEnabled":true},"in2DMode":false,"pivot":{"x":11.357009887695313,"y":270.06182861328127,"z":-94.43231964111328},"rotation":{"x":0.03369935601949692,"y":-0.9607609510421753,"z":0.13490234315395356,"w":0.2400040328502655},"size":238.72447204589845,"orthographic":false}