{"cameraMode":{"drawMode":0,"name":"Shaded","section":"Shading Mode"},"sceneLighting":false,"audioPlay":false,"sceneViewState":{"m_AlwaysRefresh":false,"showFog":true,"showSkybox":true,"showFlares":true,"showImageEffects":true,"showParticleSystems":true,"showVisualEffectGraphs":true,"m_FxEnabled":true},"in2DMode":false,"pivot":{"x":4.002745628356934,"y":-4.020267486572266,"z":-0.06131744384765625},"rotation":{"x":0.35555797815322878,"y":-0.45141148567199709,"z":0.2024008184671402,"w":0.7929975986480713},"size":11.697793960571289,"orthographic":false}