{"cameraMode":{"drawMode":0,"name":"Shaded","section":"Shading Mode"},"sceneLighting":false,"audioPlay":false,"sceneViewState":{"m_AlwaysRefresh":false,"showFog":true,"showSkybox":true,"showFlares":true,"showImageEffects":true,"showParticleSystems":true,"showVisualEffectGraphs":true,"m_FxEnabled":true},"in2DMode":false,"pivot":{"x":118.01669311523438,"y":314.33990478515627,"z":5.658050537109375},"rotation":{"x":0.03369935601949692,"y":-0.9607609510421753,"z":0.13490234315395356,"w":0.2400040328502655},"size":339.93231201171877,"orthographic":false}