{"cameraMode":{"drawMode":0,"name":"Shaded","section":"Shading Mode"},"sceneLighting":false,"audioPlay":false,"sceneViewState":{"m_AlwaysRefresh":false,"showFog":true,"showSkybox":true,"showFlares":true,"showImageEffects":true,"showParticleSystems":true,"showVisualEffectGraphs":true,"m_FxEnabled":true},"in2DMode":false,"pivot":{"x":0.44709113240242007,"y":-1.5233677625656129,"z":-2.209638833999634},"rotation":{"x":0.38459736108779909,"y":0.1431100070476532,"z":-0.06048865243792534,"w":0.9099166989326477},"size":7.5619964599609379,"orthographic":false}