{"cameraMode":{"drawMode":0,"name":"Shaded","section":"Shading Mode"},"sceneLighting":false,"audioPlay":false,"sceneViewState":{"m_AlwaysRefresh":false,"showFog":true,"showSkybox":true,"showFlares":true,"showImageEffects":true,"showParticleSystems":true,"showVisualEffectGraphs":true,"m_FxEnabled":true},"in2DMode":false,"pivot":{"x":647.1310424804688,"y":374.5556945800781,"z":68.44317626953125},"rotation":{"x":-0.09765294939279556,"y":0.0035797434393316509,"z":-0.00035129254683852196,"w":-0.9952152967453003},"size":251.69509887695313,"orthographic":false}