{"cameraMode":{"drawMode":0,"name":"Shaded","section":"Shading Mode"},"sceneLighting":false,"audioPlay":false,"sceneViewState":{"m_AlwaysRefresh":false,"showFog":true,"showSkybox":false,"showFlares":true,"showImageEffects":true,"showParticleSystems":true,"showVisualEffectGraphs":true,"m_FxEnabled":true},"in2DMode":false,"pivot":{"x":0.4335225820541382,"y":-0.07590603828430176,"z":-0.12188661098480225},"rotation":{"x":0.2169698029756546,"y":0.1659918576478958,"z":-0.03746775537729263,"w":0.9612324833869934},"size":0.8660253882408142,"orthographic":false}