{"cameraMode":{"drawMode":0,"name":"Shaded","section":"Shading Mode"},"sceneLighting":false,"audioPlay":false,"sceneViewState":{"m_AlwaysRefresh":false,"showFog":true,"showSkybox":false,"showFlares":true,"showImageEffects":true,"showParticleSystems":true,"showVisualEffectGraphs":true,"m_FxEnabled":true},"in2DMode":false,"pivot":{"x":131.8509063720703,"y":236.71221923828126,"z":83.8057861328125},"rotation":{"x":0.024894097819924356,"y":-0.010496384464204312,"z":0.00026207801420241594,"w":0.9996368288993836},"size":276.7515869140625,"orthographic":true}