{"cameraMode":{"drawMode":0,"name":"Shaded","section":"Shading Mode"},"sceneLighting":false,"audioPlay":false,"sceneViewState":{"m_AlwaysRefresh":false,"showFog":true,"showSkybox":false,"showFlares":true,"showImageEffects":true,"showParticleSystems":true,"showVisualEffectGraphs":true,"m_FxEnabled":true},"in2DMode":false,"pivot":{"x":0.14963388442993165,"y":1.3007817268371583,"z":-0.5372790098190308},"rotation":{"x":0.04109162092208862,"y":0.952215850353241,"z":-0.148298442363739,"w":0.26383712887763979},"size":1.4660253524780274,"orthographic":false}